Model Name,Loss,F1 Score,Accuracy,Precision,AUROC,Epochs
one_hidden_layer_nn,0.11899950808705761,0.9677753279945344,0.96775,0.9678950670973107,0.9991028250116939,10
one_hidden_layer_nn_dropout,0.112844432730965,0.9698783812562235,0.9699166666666666,0.9699367277313268,0.9991978675441977,10
